tags,tags (Count All)
['Crypto Concepts'],483
['Others'],234
['Market Data'],161
['Predict Coin Performance'],105
['Tracks Coin Prices'],85
['Crypto Events'],66
['Macro Factors'],55
['Risk & Audit'],54
"['Crypto Concepts', 'Risk & Audit']",44
"['Predict Coin Performance', 'Top 25 Coins']",41
['NFT'],34
['Short Term Trading'],32
['Gas Fees'],31
"['Crypto Concepts', 'Top 25 Coins']",30
"['Market Data', 'Top 25 Coins']",25
['Social Media'],25
"['Tracks Coin Prices', 'Top 25 Coins']",22
['Whale and Wallet Analysis'],20
['Airdrops'],19
"['Crypto Events', 'Top 25 Coins']",18
['Top 25 Coins'],17
['DAO'],16
"['Top 25 Coins', 'Crypto Events']",16
"['Tracks Coin Prices', 'Market Data']",15
"['Crypto Concepts', 'Market Data']",15
"['Predict Coin Performance', 'Short Term Trading', 'Top 25 Coins']",14
"['Short Term Trading', 'Top 25 Coins']",13
['Meme Coins'],13
"['Stablecoins', 'Crypto Concepts']",13
"['Crypto Concepts', 'Gas Fees']",12
"['Macro Factors', 'Top 25 Coins']",11
"['Crypto Concepts', 'DAO']",11
['Wallet Setup and Security'],10
['Stablecoins'],10
['Yield Discovery'],9
"['Market Data', 'Tracks Coin Prices']",9
"['Macro Factors', 'Predict Coin Performance']",9
['Crypto Platforms & Exchanges'],9
"['Crypto Concepts', 'Macro Factors']",8
"['NFT', 'Crypto Concepts']",8
['Perp (Perpetual Futures)'],7
"['Market Data', 'Crypto Concepts']",7
"['Perp (Perpetual Futures)', 'Crypto Concepts']",7
"['Perp (Perpetual Futures)', 'Short Term Trading']",6
"['Whale and Wallet Analysis', 'Top 25 Coins']",6
"['Perp (Perpetual Futures)', 'Market Data']",6
"['Crypto Concepts', 'Wallet Setup and Security']",6
"['Stablecoins', 'Macro Factors']",6
"['Macro Factors', 'Crypto Concepts']",6
"['Yield Discovery', 'Top 25 Coins']",5
"['Top 25 Coins', 'Crypto Concepts']",5
"['Short Term Trading', 'Market Data']",5
"['Crypto Events', 'Market Data']",5
"['Tracks Coin Prices', 'Predict Coin Performance']",5
['Long Term Investments'],5
"['Predict Coin Performance', 'Tracks Coin Prices']",5
"['Crypto Concepts', 'Predict Coin Performance']",5
"['Risk & Audit', 'Whale and Wallet Analysis']",5
"['Crypto Platforms & Exchanges', 'Crypto Events']",5
"['Short Term Trading', 'Predict Coin Performance']",4
"['NFT', 'Top 25 Coins']",4
"['Risk & Audit', 'Crypto Concepts']",4
"['DAO', 'Top 25 Coins']",4
"['Long Term Investments', 'Top 25 Coins']",4
"['Whale and Wallet Analysis', 'Perp (Perpetual Futures)']",4
"['Predict Coin Performance', 'Meme Coins']",4
"['Predict Coin Performance', 'Long Term Investments']",4
"['Tracks Coin Prices', 'Market Data', 'Top 25 Coins']",4
"['Crypto Platforms & Exchanges', 'Predict Coin Performance']",4
"['Short Term Trading', 'Meme Coins', 'Top 25 Coins']",4
"['Predict Coin Performance', 'Market Data']",3
"['Top 25 Coins', 'Tracks Coin Prices', 'Market Data']",3
"['Yield Discovery', 'Crypto Concepts']",3
"['Predict Coin Performance', 'Short Term Trading']",3
"['Yield Discovery', 'Market Data']",3
"['Social Media', 'Top 25 Coins']",3
"['Stablecoins', 'Market Data']",3
"['Meme Coins', 'Top 25 Coins']",3
"['Meme Coins', 'Market Data']",3
"['DAO', 'Crypto Concepts']",3
"['DAO', 'Market Data']",3
"['Risk & Audit', 'Top 25 Coins']",3
"['Top 25 Coins', 'Predict Coin Performance']",3
"['Gas Fees', 'Crypto Concepts']",3
"['Crypto Concepts', 'Predict Coin Performance', 'Top 25 Coins']",3
"['Crypto Concepts', 'Risk & Audit', 'Top 25 Coins']",3
"['Predict Coin Performance', 'Macro Factors']",3
"['Long Term Investments', 'Predict Coin Performance']",3
"['Top 25 Coins', 'Market Data']",3
"['Short Term Trading', 'Perp (Perpetual Futures)']",3
"['Crypto Concepts', 'NFT']",3
"['DAO', 'Risk & Audit']",3
"['Crypto Events', 'Crypto Concepts']",3
"['Tracks Coin Prices', 'Whale and Wallet Analysis', 'Top 25 Coins']",3
"['Crypto Platforms & Exchanges', 'Top 25 Coins']",3
"['Whale and Wallet Analysis', 'Predict Coin Performance']",3
"['Short Term Trading', 'Whale and Wallet Analysis', 'Top 25 Coins']",3
"['Crypto Concepts', 'Crypto Events']",2
"['Yield Discovery', 'Crypto Events']",2
"['Top 25 Coins', 'Tracks Coin Prices']",2
"['Macro Factors', 'Whale and Wallet Analysis']",2
"['DAO', 'Crypto Events']",2
"['Meme Coins', 'Social Media']",2
"['Crypto Concepts', 'Stablecoins']",2
"['Market Data', 'Meme Coins']",2
"['Whale and Wallet Analysis', 'Macro Factors', 'Top 25 Coins']",2
"['Social Media', 'Crypto Concepts']",2
"['Crypto Concepts', 'Social Media']",2
"['Crypto Concepts', 'Meme Coins']",2
"['Crypto Concepts', 'Whale and Wallet Analysis']",2
"['Meme Coins', 'Predict Coin Performance']",2
"['Perp (Perpetual Futures)', 'Top 25 Coins']",2
"['Tracks Coin Prices', 'Meme Coins', 'Top 25 Coins']",2
"['Whale and Wallet Analysis', 'Short Term Trading', 'Top 25 Coins']",2
"['Macro Factors', 'Short Term Trading']",2
"['Risk & Audit', 'NFT']",2
"['Crypto Concepts', 'Yield Discovery']",2
"['Tracks Coin Prices', 'Meme Coins']",2
"['Top 25 Coins', 'Short Term Trading']",2
"['Short Term Trading', 'Macro Factors']",2
"['Whale and Wallet Analysis', 'Market Data']",2
"['Yield Discovery', 'Risk & Audit']",2
"['Short Term Trading', 'Perp (Perpetual Futures)', 'Top 25 Coins']",2
"['NFT', 'Market Data']",2
"['Whale and Wallet Analysis', 'Perp (Perpetual Futures)', 'Top 25 Coins']",2
"['Predict Coin Performance', 'Whale and Wallet Analysis', 'Top 25 Coins']",2
"['Short Term Trading', 'Predict Coin Performance', 'Top 25 Coins']",2
"['DAO', 'Crypto Events', 'Market Data']",2
"['Short Term Trading', 'Market Data', 'Top 25 Coins']",2
"['Meme Coins', 'Top 25 Coins', 'Market Data']",2
"['Macro Factors', 'Stablecoins']",2
"['Short Term Trading', 'Macro Factors', 'Top 25 Coins']",2
"['Predict Coin Performance', 'Top 25 Coins', 'Short Term Trading']",2
"['Whale and Wallet Analysis', 'Crypto Concepts']",2
"['Whale and Wallet Analysis', 'Macro Factors']",2
"['Predict Coin Performance', 'Meme Coins', 'Top 25 Coins']",2
"['Macro Factors', 'Perp (Perpetual Futures)', 'Market Data']",2
"['Predict Coin Performance', 'Short Term Trading', 'Market Data']",1
"['Market Data', 'Risk & Audit']",1
"['Crypto Concepts', 'Risk & Audit', 'Market Data']",1
"['Predict Coin Performance', 'Airdrops', 'Crypto Events']",1
"['Short Term Trading', 'Yield Discovery', 'Long Term Investments']",1
"['Market Data', 'Top 25 Coins', 'Tracks Coin Prices']",1
"['Macro Factors', 'Crypto Events']",1
"['Meme Coins', 'Short Term Trading']",1
"['Airdrops', 'Social Media']",1
"['Meme Coins', 'Crypto Concepts']",1
"['Predict Coin Performance', 'Long Term Investments', 'Macro Factors']",1
"['Crypto Concepts', 'Short Term Trading']",1
"['Top 25 Coins', 'Tracks Coin Prices', 'Crypto Events']",1
"['Top 25 Coins', 'Crypto Events', 'Crypto Concepts']",1
"['Market Data', 'Yield Discovery']",1
"['Wallet Setup and Security', 'Crypto Concepts']",1
"['Crypto Events', 'Tracks Coin Prices']",1
"['Tracks Coin Prices', 'Market Data', 'Crypto Events']",1
"['Crypto Events', 'NFT']",1
"['Wallet Setup and Security', 'Crypto Events']",1
"['Meme Coins', 'Crypto Events']",1
"['Short Term Trading', 'Long Term Investments', 'Meme Coins']",1
"['Gas Fees', 'Top 25 Coins']",1
"['Risk & Audit', 'Macro Factors', 'Top 25 Coins']",1
"['Gas Fees', 'Top 25 Coins', 'Crypto Concepts']",1
"['Crypto Concepts', 'Risk & Audit', 'DAO']",1
"['Stablecoins', 'Predict Coin Performance', 'Top 25 Coins']",1
"['Social Media', 'Short Term Trading']",1
"['Long Term Investments', 'Predict Coin Performance', 'Top 25 Coins']",1
"['Top 25 Coins', 'Macro Factors']",1
"['Market Data', 'Meme Coins', 'Top 25 Coins']",1
"['Meme Coins', 'Tracks Coin Prices', 'Top 25 Coins']",1
"['Market Data', 'Tracks Coin Prices', 'Top 25 Coins']",1
"['Crypto Concepts', 'Predict Coin Performance', 'Crypto Events']",1
"['Tracks Coin Prices', 'Stablecoins']",1
"['Predict Coin Performance', 'Stablecoins']",1
"['Whale and Wallet Analysis', 'Risk & Audit']",1
"['Crypto Events', 'Social Media']",1
"['Short Term Trading', 'Perp (Perpetual Futures)', 'Market Data']",1
"['Airdrops', 'Top 25 Coins']",1
"['Airdrops', 'Crypto Events']",1
"['Gas Fees', 'Stablecoins']",1
"['Crypto Concepts', 'Perp (Perpetual Futures)']",1
"['Yield Discovery', 'Meme Coins']",1
"['Crypto Concepts', 'Yield Discovery', 'Risk & Audit']",1
"['Risk & Audit', 'Crypto Events']",1
"['Stablecoins', 'Predict Coin Performance']",1
"['Airdrops', 'Crypto Concepts']",1
"['Stablecoins', 'Crypto Events', 'Macro Factors']",1
"['Macro Factors', 'Risk & Audit']",1
"['Crypto Events', 'Others']",1
"['Short Term Trading', 'Meme Coins']",1
"['Yield Discovery', 'DAO']",1
"['Crypto Concepts', 'Risk & Audit', 'Macro Factors']",1
"['Long Term Investments', 'Short Term Trading']",1
"['Short Term Trading', 'Crypto Concepts', 'Gas Fees']",1
"['DAO', 'NFT']",1
"['Wallet Setup and Security', 'Risk & Audit']",1
"['DAO', 'Macro Factors']",1
"['NFT', 'Risk & Audit']",1
"['NFT', 'Meme Coins']",1
"['Tracks Coin Prices', 'Whale and Wallet Analysis', 'Market Data']",1
"['Predict Coin Performance', 'Crypto Concepts']",1
"['Risk & Audit', 'Meme Coins']",1
"['Risk & Audit', 'Macro Factors']",1
"['Predict Coin Performance', 'Whale and Wallet Analysis']",1
"['Predict Coin Performance', 'Short Term Trading', 'Long Term Investments']",1
"['Airdrops', 'Market Data', 'Crypto Events']",1
"['NFT', 'Gas Fees']",1
"['NFT', 'Gas Fees', 'Risk & Audit']",1
"['Risk & Audit', 'Yield Discovery']",1
"['Yield Discovery', 'Gas Fees', 'Market Data']",1
"['Market Data', 'Predict Coin Performance']",1
"['Long Term Investments', 'Top 25 Coins', 'Meme Coins']",1
"['Airdrops', 'Risk & Audit']",1
"['Predict Coin Performance', 'Macro Factors', 'Airdrops']",1
"['Crypto Concepts', 'Airdrops']",1
"['Perp (Perpetual Futures)', 'Short Term Trading', 'Predict Coin Performance']",1
"['Predict Coin Performance', 'Perp (Perpetual Futures)', 'Short Term Trading']",1
"['Social Media', 'Crypto Events']",1
"['Perp (Perpetual Futures)', 'Short Term Trading', 'Top 25 Coins']",1
"['Social Media', 'Meme Coins', 'Crypto Events']",1
"['Short Term Trading', 'Tracks Coin Prices']",1
"['Crypto Concepts', 'Short Term Trading', 'Top 25 Coins']",1
"['Crypto Concepts', 'Crypto Events', 'Top 25 Coins']",1
"['Crypto Platforms & Exchanges', 'Meme Coins', 'Crypto Events']",1
"['Short Term Trading', 'Whale and Wallet Analysis']",1
"['Short Term Trading', 'Macro Factors', 'Market Data']",1
"['Perp (Perpetual Futures)', 'Predict Coin Performance', 'Top 25 Coins']",1
"['Whale and Wallet Analysis', 'Market Data', 'Crypto Concepts']",1
"['Whale and Wallet Analysis', 'Short Term Trading', 'Predict Coin Performance']",1
"['Yield Discovery', 'Market Data', 'Crypto Events']",1
"['Crypto Events', 'NFT', 'Top 25 Coins']",1
"['DAO', 'Top 25 Coins', 'Crypto Events']",1
"['Crypto Events', 'Top 25 Coins', 'Crypto Concepts']",1
"['Airdrops', 'Whale and Wallet Analysis']",1
"['Short Term Trading', 'Predict Coin Performance', 'Meme Coins']",1
"['Whale and Wallet Analysis', 'Macro Factors', 'Market Data']",1
"['Whale and Wallet Analysis', 'Top 25 Coins', 'Market Data']",1
"['Airdrops', 'Top 25 Coins', 'Predict Coin Performance']",1
"['Crypto Events', 'Yield Discovery', 'Market Data']",1
"['Crypto Concepts', 'Top 25 Coins', 'Crypto Events']",1
"['Top 25 Coins', 'Short Term Trading', 'Whale and Wallet Analysis']",1
"['Macro Factors', 'Short Term Trading', 'Whale and Wallet Analysis']",1
"['Airdrops', 'DAO', 'Crypto Platforms & Exchanges']",1
"['Predict Coin Performance', 'Macro Factors', 'Top 25 Coins']",1
"['DAO', 'Market Data', 'Crypto Events']",1
"['Macro Factors', 'Meme Coins', 'Top 25 Coins']",1
"['Crypto Platforms & Exchanges', 'Meme Coins']",1
"['Top 25 Coins', 'Market Data', 'Short Term Trading']",1
"['Short Term Trading', 'Predict Coin Performance', 'Risk & Audit']",1
"['Crypto Platforms & Exchanges', 'Crypto Concepts']",1
"['Macro Factors', 'Market Data', 'Whale and Wallet Analysis']",1
"['Short Term Trading', 'Predict Coin Performance', 'Macro Factors']",1
"['Macro Factors', 'Crypto Platforms & Exchanges']",1
"['Macro Factors', 'Market Data', 'Top 25 Coins']",1
"['Predict Coin Performance', 'Short Term Trading', 'Whale and Wallet Analysis']",1
"['Crypto Events', 'Predict Coin Performance', 'Top 25 Coins']",1
"['Risk & Audit', 'Crypto Events', 'DAO']",1
"['Crypto Platforms & Exchanges', 'Crypto Events', 'Market Data']",1
"['Tracks Coin Prices', 'Crypto Events']",1
"['Predict Coin Performance', 'Crypto Events']",1
"['Crypto Events', 'Meme Coins', 'Top 25 Coins']",1
"['Meme Coins', 'Top 25 Coins', 'Others']",1
"['Risk & Audit', 'Whale and Wallet Analysis', 'Airdrops']",1
"['NFT', 'Predict Coin Performance']",1
"['Whale and Wallet Analysis', 'Meme Coins']",1
"['Crypto Concepts', 'Crypto Platforms & Exchanges']",1
"['Crypto Concepts', 'Crypto Platforms & Exchanges', 'Top 25 Coins']",1
"['Yield Discovery', 'Risk & Audit', 'Crypto Platforms & Exchanges']",1
"['NFT', 'Market Data', 'Crypto Platforms & Exchanges']",1
"['Crypto Events', 'Market Data', 'DAO']",1
"['Crypto Events', 'Top 25 Coins', 'Macro Factors']",1
"['Tracks Coin Prices', 'Perp (Perpetual Futures)', 'Top 25 Coins']",1
"['Predict Coin Performance', 'Risk & Audit', 'Top 25 Coins']",1
"['Social Media', 'Top 25 Coins', 'Predict Coin Performance']",1
"['NFT', 'Crypto Platforms & Exchanges', 'Macro Factors']",1
"['Airdrops', 'DAO', 'Top 25 Coins']",1
"['Meme Coins', 'Top 25 Coins', 'Perp (Perpetual Futures)']",1
"['NFT', 'Crypto Platforms & Exchanges', 'Crypto Events']",1
"['Predict Coin Performance', 'Crypto Concepts', 'Market Data']",1
"['Crypto Events', 'DAO', 'Top 25 Coins']",1
"['Meme Coins', 'Top 25 Coins', 'Short Term Trading']",1
"['Yield Discovery', 'Meme Coins', 'Airdrops']",1
"['Predict Coin Performance', 'Top 25 Coins', 'Market Data']",1
"['Short Term Trading', 'Crypto Platforms & Exchanges']",1
"['Stablecoins', 'Crypto Platforms & Exchanges', 'Crypto Events']",1
"['Meme Coins', 'Others']",1
"['Short Term Trading', 'Market Data', 'Crypto Platforms & Exchanges']",1
"['Social Media', 'Crypto Events', 'Meme Coins']",1
"['Perp (Perpetual Futures)', 'Top 25 Coins', 'Short Term Trading']",1
"['Social Media', 'Meme Coins', 'Top 25 Coins']",1
"['Stablecoins', 'Risk & Audit']",1
"['NFT', 'Crypto Concepts', 'Gas Fees']",1
"['Crypto Events', 'Crypto Platforms & Exchanges']",1
"['Tracks Coin Prices', 'Top 25 Coins', 'Market Data']",1
Grand Total,2290